{"class_weights": [6.728128705623194e-08, 6.476751128196739e-07, 2.70544094104861e-05, 0.00022974558342931251, 5.840629267581712e-07, 0.004876526983176354, 5.386943668098171e-05, 0.9948115045679762], "class_encodings": [1, 2, 4, 6, 8, 10, 12, 14]}