{"mean": [0.7271740586469427, 0.6763888477569486, 0.5826064402301745], "std": [0.34044117129943186, 0.3255150743023198, 0.2954766102739415]}